{
  "rel_l2_mean": 0.12006140866922954,
  "rel_l2_std": 0.038064780266975504,
  "rmse_mean": 0.01920787797915557,
  "r2_mean": 0.974731863491119,
  "phys_residual_mean": 253.77161661783853,
  "n_batches": 63
}